<?xml version="1.0" encoding="UTF-8"?>
<!DOCTYPE generatorConfiguration
        PUBLIC "-//mybatis.org//DTD MyBatis Generator Configuration 1.0//EN"
        "http://mybatis.org/dtd/mybatis-generator-config_1_0.dtd">
<generatorConfiguration>

    <context id="DB2Tables" targetRuntime="MyBatis3">

        <!-- 是否去除自动生成的代码中的注释 true：是 false：否-->
        <commentGenerator>
            <property name="suppressDate" value="true"/>
            <property name="suppressAllComments" value="true"/>
        </commentGenerator>

        <!-- 数据库连接信息：驱动类、连接地址、用户名、密码 -->
        <jdbcConnection driverClass="com.mysql.jdbc.Driver" connectionURL="jdbc:mysql://localhost/tmall_ssm"
                        userId="root" password="root">
        </jdbcConnection>

        <!-- 默认 false，把 JDBC DECIMAL 和 NUMERIC 类型解析为 Integer
             为 true 时解析为 java.math.BigDecimal -->
        <javaTypeResolver>
            <property name="forceBigDecimals" value="false"/>
        </javaTypeResolver>

        <!-- targetProject：生成 POJO 类的位置 -->
        <javaModelGenerator targetPackage="cn.wmyskxz.pojo" targetProject="src/main/java">
            <!-- enableSubPackages：是否让 schema 作为包的后缀-->
            <property name="enableSubPackages" value="false"/>
            <!-- trimStrings：从数据库返回的值被清理前后的空格 -->
            <property name="trimStrings" value="true"/>
        </javaModelGenerator>

        <!-- targetProject：生成xml映射文件存放位置 -->
        <sqlMapGenerator targetPackage="mapper" targetProject="src/main/resources">
            <!-- enableSubPackages：是否让 schema 作为包的后缀-->
            <property name="enableSubPackages" value="true"/>
        </sqlMapGenerator>

        <!-- targetProject：生成mapper类存放位置 -->
        <javaClientGenerator type="XMLMAPPER" targetPackage="cn.wmyskxz.mapper" targetProject="src/main/java">
            <!-- enableSubPackages：是否让 schema 作为包的后缀-->
            <property name="enableSubPackages" value="true"/>
        </javaClientGenerator>

        <!--生成对应表及类名
            tableName:要生成的表名
            domainObjectName:生成后的实例名
            enableCountByExample:Count语句中加入where条件查询，默认为true开启
            enableUpdateByExample:Update语句中加入where条件查询，默认为true开启
            enableDeleteByExample:Delete语句中加入where条件查询，默认为true开启
            enableSelectByExample:Select多条语句中加入where条件查询，默认为true开启
            selectByExampleQueryId:Select单个对象语句中加入where条件查询，默认为true开启
        -->
        <!--<table tableName="category" domainObjectName="Category" enableCountByExample="false"-->
               <!--enableUpdateByExample="false" enableDeleteByExample="false" enableSelectByExample="true"-->
               <!--selectByExampleQueryId="false">-->
            <!--&lt;!&ndash; 使用数据库中实际的字段名作为生成的实体类的属性 &ndash;&gt;-->
            <!--<property name="useActualColumnNames" value="true"/>-->
            <!--&lt;!&ndash; 使用自增长键 &ndash;&gt;-->
            <!--<property name="my.isgen.usekeys" value="true"/>-->
            <!--<generatedKey column="id" sqlStatement="JDBC"/>-->
        <!--</table>-->

        <!--<table tableName="property" domainObjectName="Property" enableCountByExample="false"-->
               <!--enableUpdateByExample="false" enableDeleteByExample="false" enableSelectByExample="true"-->
               <!--selectByExampleQueryId="false">-->
            <!--<property name="useActualColumnNames" value="true"/>-->
            <!--<property name="my.isgen.usekeys" value="true"/>-->
            <!--<generatedKey column="id" sqlStatement="JDBC"/>-->
        <!--</table>-->

        <!--<table tableName="product" domainObjectName="Product" enableCountByExample="false" enableUpdateByExample="false"-->
               <!--enableDeleteByExample="false" enableSelectByExample="true" selectByExampleQueryId="false">-->
            <!--<property name="my.isgen.usekeys" value="true"/>-->
            <!--<property name="useActualColumnNames" value="true"/>-->
            <!--<generatedKey column="id" sqlStatement="JDBC"/>-->
        <!--</table>-->

        <!--<table tableName="product_image" domainObjectName="ProductImage" enableCountByExample="false"-->
               <!--enableUpdateByExample="false" enableDeleteByExample="false" enableSelectByExample="true"-->
               <!--selectByExampleQueryId="false">-->
            <!--<property name="my.isgen.usekeys" value="true"/>-->
            <!--<property name="useActualColumnNames" value="true"/>-->
            <!--<generatedKey column="id" sqlStatement="JDBC"/>-->
        <!--</table>-->

        <!--<table tableName="order_" domainObjectName="Order" enableCountByExample="false" enableUpdateByExample="false"-->
               <!--enableDeleteByExample="false" enableSelectByExample="true" selectByExampleQueryId="false">-->
            <!--<property name="my.isgen.usekeys" value="true"/>-->
            <!--<property name="useActualColumnNames" value="true"/>-->
            <!--<generatedKey column="id" sqlStatement="JDBC"/>-->
        <!--</table>-->

        <!--<table tableName="property_value" domainObjectName="PropertyValue" enableCountByExample="false"-->
               <!--enableUpdateByExample="false" enableDeleteByExample="false" enableSelectByExample="true"-->
               <!--selectByExampleQueryId="false">-->
            <!--<property name="my.isgen.usekeys" value="true"/>-->
            <!--<property name="useActualColumnNames" value="true"/>-->
            <!--<generatedKey column="id" sqlStatement="JDBC"/>-->
        <!--</table>-->

        <!--<table tableName="review" domainObjectName="Review" enableCountByExample="false" enableUpdateByExample="false"-->
               <!--enableDeleteByExample="false" enableSelectByExample="true" selectByExampleQueryId="false">-->
            <!--<property name="my.isgen.usekeys" value="true"/>-->
            <!--<property name="useActualColumnNames" value="true"/>-->
            <!--<generatedKey column="id" sqlStatement="JDBC"/>-->
        <!--</table>-->

        <!--<table tableName="user" domainObjectName="User" enableCountByExample="false" enableUpdateByExample="false"-->
               <!--enableDeleteByExample="false" enableSelectByExample="true" selectByExampleQueryId="false">-->
            <!--<property name="my.isgen.usekeys" value="true"/>-->
            <!--<property name="useActualColumnNames" value="true"/>-->
            <!--<generatedKey column="id" sqlStatement="JDBC"/>-->
        <!--</table>-->

        <table tableName="order_item" domainObjectName="OrderItem" enableCountByExample="false"
               enableUpdateByExample="false" enableDeleteByExample="false" enableSelectByExample="true"
               selectByExampleQueryId="false">
            <property name="my.isgen.usekeys" value="true"/>
            <property name="useActualColumnNames" value="true"/>
            <generatedKey column="id" sqlStatement="JDBC"/>
        </table>

        <!--<table tableName="referal_link" domainObjectName="ReferalLink" enableCountByExample="false"-->
               <!--enableUpdateByExample="false" enableDeleteByExample="false" enableSelectByExample="true"-->
               <!--selectByExampleQueryId="false">-->
            <!--<property name="my.isgen.usekeys" value="true"/>-->
            <!--<property name="useActualColumnNames" value="true"/>-->
            <!--<generatedKey column="id" sqlStatement="JDBC"/>-->
        <!--</table>-->
    </context>
</generatorConfiguration>