<?xml version="1.0" encoding="UTF-8"?>
<!DOCTYPE mapper PUBLIC "-//mybatis.org//DTD Mapper 3.0//EN" "http://mybatis.org/dtd/mybatis-3-mapper.dtd">
<mapper namespace="com.how2java.tmall.mapper.PropertyValueMapper">
  <resultMap id="BaseResultMap" type="com.how2java.tmall.pojo.PropertyValue">
    <id column="id" jdbcType="INTEGER" property="id" />
    <result column="pid" jdbcType="INTEGER" property="pid" />
    <result column="ptid" jdbcType="INTEGER" property="ptid" />
    <result column="value" jdbcType="VARCHAR" property="value" />
  </resultMap>
  <sql id="Example_Where_Clause">
    <where>
      <foreach collection="oredCriteria" item="criteria" separator="or">
        <if test="criteria.valid">
          <trim prefix="(" prefixOverrides="and" suffix=")">
            <foreach collection="criteria.criteria" item="criterion">
              <choose>
                <when test="criterion.noValue">
                  and ${criterion.condition}
                </when>
                <when test="criterion.singleValue">
                  and ${criterion.condition} #{criterion.value}
                </when>
                <when test="criterion.betweenValue">
                  and ${criterion.condition} #{criterion.value} and #{criterion.secondValue}
                </when>
                <when test="criterion.listValue">
                  and ${criterion.condition}
                  <foreach close=")" collection="criterion.value" item="listItem" open="(" separator=",">
                    #{listItem}
                  </foreach>
                </when>
              </choose>
            </foreach>
          </trim>
        </if>
      </foreach>
    </where>
  </sql>
  <sql id="Base_Column_List">
    id, pid, ptid, value
  </sql>
  <select id="selectByExample" parameterType="com.how2java.tmall.pojo.PropertyValueExample" resultMap="BaseResultMap">
    select
    <if test="distinct">
      distinct
    </if>
    'false' as QUERYID,
    <include refid="Base_Column_List" />
    from propertyvalue
    <if test="_parameter != null">
      <include refid="Example_Where_Clause" />
    </if>
    <if test="orderByClause != null">
      order by ${orderByClause}
    </if>
  </select>
  <select id="selectByPrimaryKey" parameterType="java.lang.Integer" resultMap="BaseResultMap">
    select 
    <include refid="Base_Column_List" />
    from propertyvalue
    where id = #{id,jdbcType=INTEGER}
  </select>
  <delete id="deleteByPrimaryKey" parameterType="java.lang.Integer">
    delete from propertyvalue
    where id = #{id,jdbcType=INTEGER}
  </delete>
  <insert id="insert" keyColumn="id" keyProperty="id" parameterType="com.how2java.tmall.pojo.PropertyValue" useGeneratedKeys="true">
    insert into propertyvalue (pid, ptid, value
      )
    values (#{pid,jdbcType=INTEGER}, #{ptid,jdbcType=INTEGER}, #{value,jdbcType=VARCHAR}
      )
  </insert>
  <insert id="insertSelective" keyColumn="id" keyProperty="id" parameterType="com.how2java.tmall.pojo.PropertyValue" useGeneratedKeys="true">
    insert into propertyvalue
    <trim prefix="(" suffix=")" suffixOverrides=",">
      <if test="pid != null">
        pid,
      </if>
      <if test="ptid != null">
        ptid,
      </if>
      <if test="value != null">
        value,
      </if>
    </trim>
    <trim prefix="values (" suffix=")" suffixOverrides=",">
      <if test="pid != null">
        #{pid,jdbcType=INTEGER},
      </if>
      <if test="ptid != null">
        #{ptid,jdbcType=INTEGER},
      </if>
      <if test="value != null">
        #{value,jdbcType=VARCHAR},
      </if>
    </trim>
  </insert>
  <update id="updateByPrimaryKeySelective" parameterType="com.how2java.tmall.pojo.PropertyValue">
    update propertyvalue
    <set>
      <if test="pid != null">
        pid = #{pid,jdbcType=INTEGER},
      </if>
      <if test="ptid != null">
        ptid = #{ptid,jdbcType=INTEGER},
      </if>
      <if test="value != null">
        value = #{value,jdbcType=VARCHAR},
      </if>
    </set>
    where id = #{id,jdbcType=INTEGER}
  </update>
  <update id="updateByPrimaryKey" parameterType="com.how2java.tmall.pojo.PropertyValue">
    update propertyvalue
    set pid = #{pid,jdbcType=INTEGER},
      ptid = #{ptid,jdbcType=INTEGER},
      value = #{value,jdbcType=VARCHAR}
    where id = #{id,jdbcType=INTEGER}
  </update>
</mapper>